{
  "project_info": {
    "project_number": "396588929419",
    "firebase_url": "https://dataekleme.firebaseio.com",
    "project_id": "dataekleme",
    "storage_bucket": "dataekleme.appspot.com"
  },
  "client": [
    {
      "client_info": {
        "mobilesdk_app_id": "1:396588929419:android:7806bef92e69cbf8",
        "android_client_info": {
          "package_name": "com.example.nilufer.dataekleme"
        }
      },
      "oauth_client": [
        {
          "client_id": "396588929419-t7s9frvaibo7vcbqcg33b1ua3rfnm10g.apps.googleusercontent.com",
          "client_type": 3
        }
      ],
      "api_key": [
        {
          "current_key": "AIzaSyBzY5frn0dmPc9T5GXcm42txedQPDE5DcU"
        }
      ],
      "services": {
        "appinvite_service": {
          "other_platform_oauth_client": [
            {
              "client_id": "396588929419-t7s9frvaibo7vcbqcg33b1ua3rfnm10g.apps.googleusercontent.com",
              "client_type": 3
            }
          ]
        }
      }
    }
  ],
  "configuration_version": "1"
}